{"cameraMode":{"drawMode":0,"name":"Shaded","section":"Shading Mode"},"sceneLighting":true,"audioPlay":false,"sceneViewState":{"m_AlwaysRefresh":false,"showFog":true,"showSkybox":true,"showFlares":true,"showImageEffects":true,"showParticleSystems":true,"showVisualEffectGraphs":true,"m_FxEnabled":true},"in2DMode":false,"pivot":{"x":-2.7137820720672609,"y":-0.43854835629463198,"z":-0.45143699645996096},"rotation":{"x":0.10716736316680908,"y":-0.27112144231796267,"z":0.030351843684911729,"w":0.9561164379119873},"size":7.397309303283691,"orthographic":true}